[
  {
    "model": "fitness.specialization",
    "pk": 1,
    "fields": {
      "name": "Strength Training"
    }
  },
  {
    "model": "fitness.specialization",
    "pk": 2,
    "fields": {
      "name": "Weight Loss"
    }
  },
  {
    "model": "fitness.specialization",
    "pk": 3,
    "fields": {
      "name": "Bodybuilding"
    }
  },
  {
    "model": "fitness.specialization",
    "pk": 4,
    "fields": {
      "name": "CrossFit"
    }
  },
  {
    "model": "fitness.specialization",
    "pk": 5,
    "fields": {
      "name": "Functional Fitness"
    }
  },
  {
    "model": "fitness.specialization",
    "pk": 6,
    "fields": {
      "name": "Powerlifting"
    }
  },
  {
    "model": "fitness.specialization",
    "pk": 7,
    "fields": {
      "name": "Yoga"
    }
  },
  {
    "model": "fitness.specialization",
    "pk": 8,
    "fields": {
      "name": "Pilates"
    }
  },
  {
    "model": "fitness.specialization",
    "pk": 9,
    "fields": {
      "name": "Rehabilitation"
    }
  },
  {
    "model": "fitness.specialization",
    "pk": 10,
    "fields": {
      "name": "Sports Performance"
    }
  },
  {
    "model": "fitness.workouttype",
    "pk": 1,
    "fields": {
      "name": "Personal Training"
    }
  },
  {
    "model": "fitness.workouttype",
    "pk": 2,
    "fields": {
      "name": "Group Training"
    }
  },
  {
    "model": "fitness.workouttype",
    "pk": 3,
    "fields": {
      "name": "HIIT"
    }
  },
  {
    "model": "fitness.workouttype",
    "pk": 4,
    "fields": {
      "name": "CrossFit"
    }
  },
  {
    "model": "fitness.workouttype",
    "pk": 5,
    "fields": {
      "name": "Yoga"
    }
  },
  {
    "model": "fitness.workouttype",
    "pk": 6,
    "fields": {
      "name": "Pilates"
    }
  },
  {
    "model": "fitness.workouttype",
    "pk": 7,
    "fields": {
      "name": "Strength"
    }
  },
  {
    "model": "fitness.workouttype",
    "pk": 8,
    "fields": {
      "name": "Cardio"
    }
  },
  {
    "model": "fitness.trainer",
    "pk": 1,
    "fields": {
      "password": "pbkdf2_sha256$dummy",
      "last_login": null,
      "is_superuser": false,
      "username": "mjohnson",
      "first_name": "Michael",
      "last_name": "Johnson",
      "email": "mjohnson@fitnesscrm.com",
      "is_staff": true,
      "is_active": true,
      "date_joined": "2026-01-01T00:00:00Z",
      "groups": [],
      "user_permissions": [],
      "experience_years": 7,
      "specialization": [
        5,
        6
      ]
    }
  },
  {
    "model": "fitness.trainer",
    "pk": 2,
    "fields": {
      "password": "pbkdf2_sha256$dummy",
      "last_login": null,
      "is_superuser": false,
      "username": "asmith",
      "first_name": "Anna",
      "last_name": "Smith",
      "email": "asmith@fitnesscrm.com",
      "is_staff": true,
      "is_active": true,
      "date_joined": "2026-01-01T00:00:00Z",
      "groups": [],
      "user_permissions": [],
      "experience_years": 2,
      "specialization": [
        7,
        9
      ]
    }
  },
  {
    "model": "fitness.trainer",
    "pk": 3,
    "fields": {
      "password": "pbkdf2_sha256$dummy",
      "last_login": null,
      "is_superuser": false,
      "username": "dwilson",
      "first_name": "David",
      "last_name": "Wilson",
      "email": "dwilson@fitnesscrm.com",
      "is_staff": true,
      "is_active": true,
      "date_joined": "2026-01-01T00:00:00Z",
      "groups": [],
      "user_permissions": [],
      "experience_years": 9,
      "specialization": [
        4,
        7
      ]
    }
  },
  {
    "model": "fitness.trainer",
    "pk": 4,
    "fields": {
      "password": "pbkdf2_sha256$dummy",
      "last_login": null,
      "is_superuser": false,
      "username": "ebrown",
      "first_name": "Emma",
      "last_name": "Brown",
      "email": "ebrown@fitnesscrm.com",
      "is_staff": true,
      "is_active": true,
      "date_joined": "2026-01-01T00:00:00Z",
      "groups": [],
      "user_permissions": [],
      "experience_years": 12,
      "specialization": [
        10,
        9
      ]
    }
  },
  {
    "model": "fitness.trainer",
    "pk": 5,
    "fields": {
      "password": "pbkdf2_sha256$dummy",
      "last_login": null,
      "is_superuser": false,
      "username": "jmartin",
      "first_name": "James",
      "last_name": "Martin",
      "email": "jmartin@fitnesscrm.com",
      "is_staff": true,
      "is_active": true,
      "date_joined": "2026-01-01T00:00:00Z",
      "groups": [],
      "user_permissions": [],
      "experience_years": 5,
      "specialization": [
        7,
        10
      ]
    }
  },
  {
    "model": "fitness.trainer",
    "pk": 6,
    "fields": {
      "password": "pbkdf2_sha256$dummy",
      "last_login": null,
      "is_superuser": false,
      "username": "slee",
      "first_name": "Sophia",
      "last_name": "Lee",
      "email": "slee@fitnesscrm.com",
      "is_staff": true,
      "is_active": true,
      "date_joined": "2026-01-01T00:00:00Z",
      "groups": [],
      "user_permissions": [],
      "experience_years": 7,
      "specialization": [
        1,
        10,
        6
      ]
    }
  },
  {
    "model": "fitness.trainer",
    "pk": 7,
    "fields": {
      "password": "pbkdf2_sha256$dummy",
      "last_login": null,
      "is_superuser": false,
      "username": "rmoore",
      "first_name": "Ryan",
      "last_name": "Moore",
      "email": "rmoore@fitnesscrm.com",
      "is_staff": true,
      "is_active": true,
      "date_joined": "2026-01-01T00:00:00Z",
      "groups": [],
      "user_permissions": [],
      "experience_years": 6,
      "specialization": [
        2,
        7,
        9
      ]
    }
  },
  {
    "model": "fitness.trainer",
    "pk": 8,
    "fields": {
      "password": "pbkdf2_sha256$dummy",
      "last_login": null,
      "is_superuser": false,
      "username": "clark",
      "first_name": "Chloe",
      "last_name": "Clark",
      "email": "clark@fitnesscrm.com",
      "is_staff": true,
      "is_active": true,
      "date_joined": "2026-01-01T00:00:00Z",
      "groups": [],
      "user_permissions": [],
      "experience_years": 9,
      "specialization": [
        3
      ]
    }
  },
  {
    "model": "fitness.trainer",
    "pk": 9,
    "fields": {
      "password": "pbkdf2_sha256$dummy",
      "last_login": null,
      "is_superuser": false,
      "username": "twhite",
      "first_name": "Thomas",
      "last_name": "White",
      "email": "twhite@fitnesscrm.com",
      "is_staff": true,
      "is_active": true,
      "date_joined": "2026-01-01T00:00:00Z",
      "groups": [],
      "user_permissions": [],
      "experience_years": 6,
      "specialization": [
        3,
        1,
        7
      ]
    }
  },
  {
    "model": "fitness.trainer",
    "pk": 10,
    "fields": {
      "password": "pbkdf2_sha256$dummy",
      "last_login": null,
      "is_superuser": false,
      "username": "gharris",
      "first_name": "Grace",
      "last_name": "Harris",
      "email": "gharris@fitnesscrm.com",
      "is_staff": true,
      "is_active": true,
      "date_joined": "2026-01-01T00:00:00Z",
      "groups": [],
      "user_permissions": [],
      "experience_years": 13,
      "specialization": [
        7,
        2,
        5
      ]
    }
  },
  {
    "model": "fitness.trainer",
    "pk": 11,
    "fields": {
      "password": "pbkdf2_sha256$dummy",
      "last_login": null,
      "is_superuser": false,
      "username": "lking",
      "first_name": "Lucas",
      "last_name": "King",
      "email": "lking@fitnesscrm.com",
      "is_staff": true,
      "is_active": true,
      "date_joined": "2026-01-01T00:00:00Z",
      "groups": [],
      "user_permissions": [],
      "experience_years": 5,
      "specialization": [
        10,
        4
      ]
    }
  },
  {
    "model": "fitness.trainer",
    "pk": 12,
    "fields": {
      "password": "pbkdf2_sha256$dummy",
      "last_login": null,
      "is_superuser": false,
      "username": "ajones",
      "first_name": "Amelia",
      "last_name": "Jones",
      "email": "ajones@fitnesscrm.com",
      "is_staff": true,
      "is_active": true,
      "date_joined": "2026-01-01T00:00:00Z",
      "groups": [],
      "user_permissions": [],
      "experience_years": 12,
      "specialization": [
        6,
        7,
        2
      ]
    }
  },
  {
    "model": "fitness.exercise",
    "pk": 1,
    "fields": {
      "name": "Bench Press",
      "muscle_group": "Chest",
      "description": "Professional exercise for chest development."
    }
  },
  {
    "model": "fitness.exercise",
    "pk": 2,
    "fields": {
      "name": "Squat",
      "muscle_group": "Legs",
      "description": "Professional exercise for legs development."
    }
  },
  {
    "model": "fitness.exercise",
    "pk": 3,
    "fields": {
      "name": "Deadlift",
      "muscle_group": "Back",
      "description": "Professional exercise for back development."
    }
  },
  {
    "model": "fitness.exercise",
    "pk": 4,
    "fields": {
      "name": "Pull Up",
      "muscle_group": "Back",
      "description": "Professional exercise for back development."
    }
  },
  {
    "model": "fitness.exercise",
    "pk": 5,
    "fields": {
      "name": "Push Up",
      "muscle_group": "Chest",
      "description": "Professional exercise for chest development."
    }
  },
  {
    "model": "fitness.exercise",
    "pk": 6,
    "fields": {
      "name": "Shoulder Press",
      "muscle_group": "Shoulders",
      "description": "Professional exercise for shoulders development."
    }
  },
  {
    "model": "fitness.exercise",
    "pk": 7,
    "fields": {
      "name": "Lunges",
      "muscle_group": "Legs",
      "description": "Professional exercise for legs development."
    }
  },
  {
    "model": "fitness.exercise",
    "pk": 8,
    "fields": {
      "name": "Leg Press",
      "muscle_group": "Legs",
      "description": "Professional exercise for legs development."
    }
  },
  {
    "model": "fitness.exercise",
    "pk": 9,
    "fields": {
      "name": "Bicep Curl",
      "muscle_group": "Arms",
      "description": "Professional exercise for arms development."
    }
  },
  {
    "model": "fitness.exercise",
    "pk": 10,
    "fields": {
      "name": "Tricep Extension",
      "muscle_group": "Arms",
      "description": "Professional exercise for arms development."
    }
  },
  {
    "model": "fitness.exercise",
    "pk": 11,
    "fields": {
      "name": "Plank",
      "muscle_group": "Core",
      "description": "Professional exercise for core development."
    }
  },
  {
    "model": "fitness.exercise",
    "pk": 12,
    "fields": {
      "name": "Russian Twist",
      "muscle_group": "Core",
      "description": "Professional exercise for core development."
    }
  },
  {
    "model": "fitness.exercise",
    "pk": 13,
    "fields": {
      "name": "Burpees",
      "muscle_group": "Full Body",
      "description": "Professional exercise for full body development."
    }
  },
  {
    "model": "fitness.exercise",
    "pk": 14,
    "fields": {
      "name": "Mountain Climbers",
      "muscle_group": "Core",
      "description": "Professional exercise for core development."
    }
  },
  {
    "model": "fitness.exercise",
    "pk": 15,
    "fields": {
      "name": "Rowing",
      "muscle_group": "Back",
      "description": "Professional exercise for back development."
    }
  },
  {
    "model": "fitness.exercise",
    "pk": 16,
    "fields": {
      "name": "Lat Pulldown",
      "muscle_group": "Back",
      "description": "Professional exercise for back development."
    }
  },
  {
    "model": "fitness.exercise",
    "pk": 17,
    "fields": {
      "name": "Chest Fly",
      "muscle_group": "Chest",
      "description": "Professional exercise for chest development."
    }
  },
  {
    "model": "fitness.exercise",
    "pk": 18,
    "fields": {
      "name": "Hip Thrust",
      "muscle_group": "Glutes",
      "description": "Professional exercise for glutes development."
    }
  },
  {
    "model": "fitness.exercise",
    "pk": 19,
    "fields": {
      "name": "Calf Raise",
      "muscle_group": "Legs",
      "description": "Professional exercise for legs development."
    }
  },
  {
    "model": "fitness.exercise",
    "pk": 20,
    "fields": {
      "name": "Jump Rope",
      "muscle_group": "Cardio",
      "description": "Professional exercise for cardio development."
    }
  },
  {
    "model": "fitness.exercise",
    "pk": 21,
    "fields": {
      "name": "Kettlebell Swing",
      "muscle_group": "Full Body",
      "description": "Professional exercise for full body development."
    }
  },
  {
    "model": "fitness.exercise",
    "pk": 22,
    "fields": {
      "name": "Box Jump",
      "muscle_group": "Legs",
      "description": "Professional exercise for legs development."
    }
  },
  {
    "model": "fitness.exercise",
    "pk": 23,
    "fields": {
      "name": "Battle Ropes",
      "muscle_group": "Cardio",
      "description": "Professional exercise for cardio development."
    }
  },
  {
    "model": "fitness.exercise",
    "pk": 24,
    "fields": {
      "name": "Sit Up",
      "muscle_group": "Core",
      "description": "Professional exercise for core development."
    }
  },
  {
    "model": "fitness.exercise",
    "pk": 25,
    "fields": {
      "name": "Leg Raise",
      "muscle_group": "Core",
      "description": "Professional exercise for core development."
    }
  },
  {
    "model": "fitness.exercise",
    "pk": 26,
    "fields": {
      "name": "Arnold Press",
      "muscle_group": "Shoulders",
      "description": "Professional exercise for shoulders development."
    }
  },
  {
    "model": "fitness.exercise",
    "pk": 27,
    "fields": {
      "name": "Front Squat",
      "muscle_group": "Legs",
      "description": "Professional exercise for legs development."
    }
  },
  {
    "model": "fitness.exercise",
    "pk": 28,
    "fields": {
      "name": "Incline Press",
      "muscle_group": "Chest",
      "description": "Professional exercise for chest development."
    }
  },
  {
    "model": "fitness.exercise",
    "pk": 29,
    "fields": {
      "name": "Face Pull",
      "muscle_group": "Shoulders",
      "description": "Professional exercise for shoulders development."
    }
  },
  {
    "model": "fitness.exercise",
    "pk": 30,
    "fields": {
      "name": "Farmer Walk",
      "muscle_group": "Full Body",
      "description": "Professional exercise for full body development."
    }
  },
  {
    "model": "fitness.client",
    "pk": 1,
    "fields": {
      "first_name": "Leo",
      "last_name": "Walker",
      "age": 56,
      "weight": "76.00",
      "goal": "General fitness",
      "trainers": [
        9
      ]
    }
  },
  {
    "model": "fitness.client",
    "pk": 2,
    "fields": {
      "first_name": "Sofia",
      "last_name": "Scott",
      "age": 21,
      "weight": "96.00",
      "goal": "Improve mobility",
      "trainers": [
        9,
        5,
        3
      ]
    }
  },
  {
    "model": "fitness.client",
    "pk": 3,
    "fields": {
      "first_name": "Mason",
      "last_name": "Reed",
      "age": 45,
      "weight": "80.00",
      "goal": "Increase strength",
      "trainers": [
        11
      ]
    }
  },
  {
    "model": "fitness.client",
    "pk": 4,
    "fields": {
      "first_name": "Ethan",
      "last_name": "Parker",
      "age": 29,
      "weight": "78.00",
      "goal": "Rehabilitation",
      "trainers": [
        2
      ]
    }
  },
  {
    "model": "fitness.client",
    "pk": 5,
    "fields": {
      "first_name": "Ethan",
      "last_name": "Walker",
      "age": 41,
      "weight": "62.00",
      "goal": "Prepare for marathon",
      "trainers": [
        5,
        8
      ]
    }
  },
  {
    "model": "fitness.client",
    "pk": 6,
    "fields": {
      "first_name": "Ethan",
      "last_name": "Parker",
      "age": 32,
      "weight": "76.00",
      "goal": "Build muscle",
      "trainers": [
        10,
        2
      ]
    }
  },
  {
    "model": "fitness.client",
    "pk": 7,
    "fields": {
      "first_name": "John",
      "last_name": "Reed",
      "age": 31,
      "weight": "80.00",
      "goal": "General fitness",
      "trainers": [
        2
      ]
    }
  },
  {
    "model": "fitness.client",
    "pk": 8,
    "fields": {
      "first_name": "Logan",
      "last_name": "Evans",
      "age": 34,
      "weight": "109.00",
      "goal": "Improve endurance",
      "trainers": [
        8
      ]
    }
  },
  {
    "model": "fitness.client",
    "pk": 9,
    "fields": {
      "first_name": "Lily",
      "last_name": "Baker",
      "age": 18,
      "weight": "82.00",
      "goal": "Build muscle",
      "trainers": [
        1,
        10
      ]
    }
  },
  {
    "model": "fitness.client",
    "pk": 10,
    "fields": {
      "first_name": "Ava",
      "last_name": "Evans",
      "age": 41,
      "weight": "96.00",
      "goal": "General fitness",
      "trainers": [
        12,
        7
      ]
    }
  },
  {
    "model": "fitness.client",
    "pk": 11,
    "fields": {
      "first_name": "Harper",
      "last_name": "Evans",
      "age": 29,
      "weight": "78.00",
      "goal": "Prepare for marathon",
      "trainers": [
        9
      ]
    }
  },
  {
    "model": "fitness.client",
    "pk": 12,
    "fields": {
      "first_name": "Ella",
      "last_name": "Cooper",
      "age": 39,
      "weight": "56.00",
      "goal": "Lose weight",
      "trainers": [
        1,
        7,
        2
      ]
    }
  },
  {
    "model": "fitness.client",
    "pk": 13,
    "fields": {
      "first_name": "Liam",
      "last_name": "Scott",
      "age": 21,
      "weight": "93.00",
      "goal": "Improve endurance",
      "trainers": [
        11,
        5
      ]
    }
  },
  {
    "model": "fitness.client",
    "pk": 14,
    "fields": {
      "first_name": "Henry",
      "last_name": "Carter",
      "age": 41,
      "weight": "98.00",
      "goal": "General fitness",
      "trainers": [
        2,
        12
      ]
    }
  },
  {
    "model": "fitness.client",
    "pk": 15,
    "fields": {
      "first_name": "Sofia",
      "last_name": "Carter",
      "age": 60,
      "weight": "70.00",
      "goal": "Prepare for marathon",
      "trainers": [
        1
      ]
    }
  },
  {
    "model": "fitness.client",
    "pk": 16,
    "fields": {
      "first_name": "Ella",
      "last_name": "Walker",
      "age": 43,
      "weight": "96.00",
      "goal": "Increase strength",
      "trainers": [
        11
      ]
    }
  },
  {
    "model": "fitness.client",
    "pk": 17,
    "fields": {
      "first_name": "Jack",
      "last_name": "Evans",
      "age": 42,
      "weight": "101.00",
      "goal": "Prepare for marathon",
      "trainers": [
        3,
        8,
        2
      ]
    }
  },
  {
    "model": "fitness.client",
    "pk": 18,
    "fields": {
      "first_name": "Daniel",
      "last_name": "Scott",
      "age": 50,
      "weight": "96.00",
      "goal": "Improve mobility",
      "trainers": [
        10,
        3,
        5
      ]
    }
  },
  {
    "model": "fitness.client",
    "pk": 19,
    "fields": {
      "first_name": "Henry",
      "last_name": "Turner",
      "age": 27,
      "weight": "70.00",
      "goal": "Prepare for marathon",
      "trainers": [
        3,
        8
      ]
    }
  },
  {
    "model": "fitness.client",
    "pk": 20,
    "fields": {
      "first_name": "Harper",
      "last_name": "Carter",
      "age": 43,
      "weight": "55.00",
      "goal": "Improve mobility",
      "trainers": [
        12
      ]
    }
  },
  {
    "model": "fitness.client",
    "pk": 21,
    "fields": {
      "first_name": "Noah",
      "last_name": "Adams",
      "age": 19,
      "weight": "60.00",
      "goal": "Prepare for marathon",
      "trainers": [
        7,
        3,
        4
      ]
    }
  },
  {
    "model": "fitness.client",
    "pk": 22,
    "fields": {
      "first_name": "Nora",
      "last_name": "Parker",
      "age": 33,
      "weight": "71.00",
      "goal": "Rehabilitation",
      "trainers": [
        5,
        4
      ]
    }
  },
  {
    "model": "fitness.client",
    "pk": 23,
    "fields": {
      "first_name": "Jack",
      "last_name": "Cooper",
      "age": 33,
      "weight": "56.00",
      "goal": "Improve endurance",
      "trainers": [
        7
      ]
    }
  },
  {
    "model": "fitness.client",
    "pk": 24,
    "fields": {
      "first_name": "Logan",
      "last_name": "Evans",
      "age": 30,
      "weight": "70.00",
      "goal": "Improve mobility",
      "trainers": [
        12,
        2,
        5
      ]
    }
  },
  {
    "model": "fitness.client",
    "pk": 25,
    "fields": {
      "first_name": "Nora",
      "last_name": "Cooper",
      "age": 60,
      "weight": "105.00",
      "goal": "Rehabilitation",
      "trainers": [
        9,
        4
      ]
    }
  },
  {
    "model": "fitness.client",
    "pk": 26,
    "fields": {
      "first_name": "Jacob",
      "last_name": "Reed",
      "age": 55,
      "weight": "77.00",
      "goal": "Lose weight",
      "trainers": [
        1,
        12
      ]
    }
  },
  {
    "model": "fitness.client",
    "pk": 27,
    "fields": {
      "first_name": "Ella",
      "last_name": "Cooper",
      "age": 37,
      "weight": "63.00",
      "goal": "Increase strength",
      "trainers": [
        5,
        8,
        6
      ]
    }
  },
  {
    "model": "fitness.client",
    "pk": 28,
    "fields": {
      "first_name": "Leo",
      "last_name": "Cooper",
      "age": 57,
      "weight": "84.00",
      "goal": "Increase strength",
      "trainers": [
        5,
        1
      ]
    }
  },
  {
    "model": "fitness.client",
    "pk": 29,
    "fields": {
      "first_name": "Sofia",
      "last_name": "Parker",
      "age": 24,
      "weight": "86.00",
      "goal": "Increase strength",
      "trainers": [
        5
      ]
    }
  },
  {
    "model": "fitness.client",
    "pk": 30,
    "fields": {
      "first_name": "Mason",
      "last_name": "Reed",
      "age": 25,
      "weight": "82.00",
      "goal": "Build muscle",
      "trainers": [
        6,
        2
      ]
    }
  },
  {
    "model": "fitness.client",
    "pk": 31,
    "fields": {
      "first_name": "John",
      "last_name": "Walker",
      "age": 24,
      "weight": "102.00",
      "goal": "Increase strength",
      "trainers": [
        1
      ]
    }
  },
  {
    "model": "fitness.client",
    "pk": 32,
    "fields": {
      "first_name": "Logan",
      "last_name": "Turner",
      "age": 20,
      "weight": "90.00",
      "goal": "Improve mobility",
      "trainers": [
        11,
        6,
        5
      ]
    }
  },
  {
    "model": "fitness.client",
    "pk": 33,
    "fields": {
      "first_name": "Logan",
      "last_name": "Carter",
      "age": 39,
      "weight": "88.00",
      "goal": "Rehabilitation",
      "trainers": [
        11,
        5,
        10
      ]
    }
  },
  {
    "model": "fitness.client",
    "pk": 34,
    "fields": {
      "first_name": "Leo",
      "last_name": "Carter",
      "age": 45,
      "weight": "94.00",
      "goal": "Lose weight",
      "trainers": [
        9
      ]
    }
  },
  {
    "model": "fitness.client",
    "pk": 35,
    "fields": {
      "first_name": "Ethan",
      "last_name": "Reed",
      "age": 46,
      "weight": "95.00",
      "goal": "Lose weight",
      "trainers": [
        11
      ]
    }
  },
  {
    "model": "fitness.client",
    "pk": 36,
    "fields": {
      "first_name": "Olivia",
      "last_name": "Carter",
      "age": 37,
      "weight": "74.00",
      "goal": "Increase strength",
      "trainers": [
        10,
        11
      ]
    }
  },
  {
    "model": "fitness.client",
    "pk": 37,
    "fields": {
      "first_name": "Mia",
      "last_name": "Evans",
      "age": 58,
      "weight": "97.00",
      "goal": "Improve endurance",
      "trainers": [
        8,
        3
      ]
    }
  },
  {
    "model": "fitness.client",
    "pk": 38,
    "fields": {
      "first_name": "Olivia",
      "last_name": "Carter",
      "age": 21,
      "weight": "65.00",
      "goal": "Prepare for marathon",
      "trainers": [
        6
      ]
    }
  },
  {
    "model": "fitness.client",
    "pk": 39,
    "fields": {
      "first_name": "Noah",
      "last_name": "Baker",
      "age": 49,
      "weight": "101.00",
      "goal": "Improve endurance",
      "trainers": [
        7,
        11
      ]
    }
  },
  {
    "model": "fitness.client",
    "pk": 40,
    "fields": {
      "first_name": "Emily",
      "last_name": "Baker",
      "age": 57,
      "weight": "95.00",
      "goal": "Prepare for marathon",
      "trainers": [
        6
      ]
    }
  },
  {
    "model": "fitness.client",
    "pk": 41,
    "fields": {
      "first_name": "Mason",
      "last_name": "Evans",
      "age": 44,
      "weight": "91.00",
      "goal": "Improve mobility",
      "trainers": [
        6
      ]
    }
  },
  {
    "model": "fitness.client",
    "pk": 42,
    "fields": {
      "first_name": "Daniel",
      "last_name": "Scott",
      "age": 58,
      "weight": "88.00",
      "goal": "Build muscle",
      "trainers": [
        2,
        7,
        12
      ]
    }
  },
  {
    "model": "fitness.client",
    "pk": 43,
    "fields": {
      "first_name": "Ella",
      "last_name": "Turner",
      "age": 58,
      "weight": "59.00",
      "goal": "Improve endurance",
      "trainers": [
        12,
        4
      ]
    }
  },
  {
    "model": "fitness.client",
    "pk": 44,
    "fields": {
      "first_name": "Jack",
      "last_name": "Adams",
      "age": 58,
      "weight": "83.00",
      "goal": "General fitness",
      "trainers": [
        6,
        1,
        12
      ]
    }
  },
  {
    "model": "fitness.client",
    "pk": 45,
    "fields": {
      "first_name": "Emily",
      "last_name": "Baker",
      "age": 55,
      "weight": "91.00",
      "goal": "Improve mobility",
      "trainers": [
        12,
        8,
        2
      ]
    }
  },
  {
    "model": "fitness.client",
    "pk": 46,
    "fields": {
      "first_name": "Jack",
      "last_name": "Adams",
      "age": 46,
      "weight": "62.00",
      "goal": "Increase strength",
      "trainers": [
        10,
        4
      ]
    }
  },
  {
    "model": "fitness.client",
    "pk": 47,
    "fields": {
      "first_name": "Ella",
      "last_name": "Scott",
      "age": 28,
      "weight": "105.00",
      "goal": "Rehabilitation",
      "trainers": [
        12,
        8,
        11
      ]
    }
  },
  {
    "model": "fitness.client",
    "pk": 48,
    "fields": {
      "first_name": "Emily",
      "last_name": "Adams",
      "age": 50,
      "weight": "70.00",
      "goal": "General fitness",
      "trainers": [
        10
      ]
    }
  },
  {
    "model": "fitness.client",
    "pk": 49,
    "fields": {
      "first_name": "Lily",
      "last_name": "Adams",
      "age": 50,
      "weight": "94.00",
      "goal": "Increase strength",
      "trainers": [
        12,
        4,
        9
      ]
    }
  },
  {
    "model": "fitness.client",
    "pk": 50,
    "fields": {
      "first_name": "Harper",
      "last_name": "Baker",
      "age": 46,
      "weight": "75.00",
      "goal": "Rehabilitation",
      "trainers": [
        11,
        5,
        1
      ]
    }
  },
  {
    "model": "fitness.workoutprogram",
    "pk": 1,
    "fields": {
      "name": "Program 1",
      "description": "Structured training program #1.",
      "workout_type": 4,
      "exercises": [
        10,
        30,
        15,
        12
      ]
    }
  },
  {
    "model": "fitness.workoutprogram",
    "pk": 2,
    "fields": {
      "name": "Program 2",
      "description": "Structured training program #2.",
      "workout_type": 7,
      "exercises": [
        3,
        14,
        4,
        24,
        18,
        6
      ]
    }
  },
  {
    "model": "fitness.workoutprogram",
    "pk": 3,
    "fields": {
      "name": "Program 3",
      "description": "Structured training program #3.",
      "workout_type": 5,
      "exercises": [
        27,
        15,
        14,
        19,
        1,
        7,
        13
      ]
    }
  },
  {
    "model": "fitness.workoutprogram",
    "pk": 4,
    "fields": {
      "name": "Program 4",
      "description": "Structured training program #4.",
      "workout_type": 3,
      "exercises": [
        16,
        14,
        11,
        22,
        19,
        6
      ]
    }
  },
  {
    "model": "fitness.workoutprogram",
    "pk": 5,
    "fields": {
      "name": "Program 5",
      "description": "Structured training program #5.",
      "workout_type": 3,
      "exercises": [
        6,
        21,
        4,
        23,
        28
      ]
    }
  },
  {
    "model": "fitness.workoutprogram",
    "pk": 6,
    "fields": {
      "name": "Program 6",
      "description": "Structured training program #6.",
      "workout_type": 4,
      "exercises": [
        23,
        13,
        24,
        20,
        18,
        14,
        21
      ]
    }
  },
  {
    "model": "fitness.workoutprogram",
    "pk": 7,
    "fields": {
      "name": "Program 7",
      "description": "Structured training program #7.",
      "workout_type": 4,
      "exercises": [
        6,
        4,
        17,
        2,
        10,
        28,
        22
      ]
    }
  },
  {
    "model": "fitness.workoutprogram",
    "pk": 8,
    "fields": {
      "name": "Program 8",
      "description": "Structured training program #8.",
      "workout_type": 5,
      "exercises": [
        5,
        26,
        12,
        17,
        22,
        20,
        23,
        14
      ]
    }
  },
  {
    "model": "fitness.workoutprogram",
    "pk": 9,
    "fields": {
      "name": "Program 9",
      "description": "Structured training program #9.",
      "workout_type": 8,
      "exercises": [
        20,
        28,
        15,
        21,
        27,
        3
      ]
    }
  },
  {
    "model": "fitness.workoutprogram",
    "pk": 10,
    "fields": {
      "name": "Program 10",
      "description": "Structured training program #10.",
      "workout_type": 3,
      "exercises": [
        21,
        10,
        16,
        6,
        13,
        22,
        2,
        28
      ]
    }
  },
  {
    "model": "fitness.workoutprogram",
    "pk": 11,
    "fields": {
      "name": "Program 11",
      "description": "Structured training program #11.",
      "workout_type": 1,
      "exercises": [
        23,
        1,
        5,
        24,
        15,
        29
      ]
    }
  },
  {
    "model": "fitness.workoutprogram",
    "pk": 12,
    "fields": {
      "name": "Program 12",
      "description": "Structured training program #12.",
      "workout_type": 7,
      "exercises": [
        20,
        27,
        30,
        8,
        4
      ]
    }
  },
  {
    "model": "fitness.workoutprogram",
    "pk": 13,
    "fields": {
      "name": "Program 13",
      "description": "Structured training program #13.",
      "workout_type": 5,
      "exercises": [
        5,
        21,
        30,
        4,
        11,
        24,
        7,
        9
      ]
    }
  },
  {
    "model": "fitness.workoutprogram",
    "pk": 14,
    "fields": {
      "name": "Program 14",
      "description": "Structured training program #14.",
      "workout_type": 2,
      "exercises": [
        19,
        2,
        21,
        11,
        30,
        16,
        28
      ]
    }
  },
  {
    "model": "fitness.workoutprogram",
    "pk": 15,
    "fields": {
      "name": "Program 15",
      "description": "Structured training program #15.",
      "workout_type": 7,
      "exercises": [
        30,
        1,
        18,
        11,
        22,
        10,
        25
      ]
    }
  },
  {
    "model": "fitness.workoutprogram",
    "pk": 16,
    "fields": {
      "name": "Program 16",
      "description": "Structured training program #16.",
      "workout_type": 4,
      "exercises": [
        24,
        14,
        18,
        7,
        21,
        22
      ]
    }
  },
  {
    "model": "fitness.workoutprogram",
    "pk": 17,
    "fields": {
      "name": "Program 17",
      "description": "Structured training program #17.",
      "workout_type": 4,
      "exercises": [
        2,
        12,
        17,
        28
      ]
    }
  },
  {
    "model": "fitness.workoutprogram",
    "pk": 18,
    "fields": {
      "name": "Program 18",
      "description": "Structured training program #18.",
      "workout_type": 1,
      "exercises": [
        2,
        6,
        18,
        9,
        14,
        23,
        15,
        13
      ]
    }
  },
  {
    "model": "fitness.workoutprogram",
    "pk": 19,
    "fields": {
      "name": "Program 19",
      "description": "Structured training program #19.",
      "workout_type": 1,
      "exercises": [
        26,
        23,
        1,
        4,
        24,
        20,
        11,
        3
      ]
    }
  },
  {
    "model": "fitness.workoutprogram",
    "pk": 20,
    "fields": {
      "name": "Program 20",
      "description": "Structured training program #20.",
      "workout_type": 5,
      "exercises": [
        19,
        18,
        30,
        21
      ]
    }
  },
  {
    "model": "fitness.workoutsession",
    "pk": 1,
    "fields": {
      "clients": [
        27,
        39,
        17
      ],
      "workout_program": 5,
      "date": "2026-07-06",
      "duration_minutes": 60,
      "trainer": 4,
      "is_completed": true,
      "max_participants": 10
    }
  },
  {
    "model": "fitness.workoutsession",
    "pk": 2,
    "fields": {
      "clients": [
        5,
        50,
        15
      ],
      "workout_program": 2,
      "date": "2026-06-18",
      "duration_minutes": 45,
      "trainer": 3,
      "is_completed": true,
      "max_participants": 1
    }
  },
  {
    "model": "fitness.workoutsession",
    "pk": 3,
    "fields": {
      "clients": [
        32,
        21,
        27
      ],
      "workout_program": 19,
      "date": "2026-05-27",
      "duration_minutes": 60,
      "trainer": 10,
      "is_completed": false,
      "max_participants": 5
    }
  },
  {
    "model": "fitness.workoutsession",
    "pk": 4,
    "fields": {
      "clients": [
        38,
        47
      ],
      "workout_program": 1,
      "date": "2026-05-24",
      "duration_minutes": 75,
      "trainer": 6,
      "is_completed": true,
      "max_participants": 15
    }
  },
  {
    "model": "fitness.workoutsession",
    "pk": 5,
    "fields": {
      "clients": [
        29,
        50,
        46,
        9,
        18,
        31,
        10
      ],
      "workout_program": 15,
      "date": "2026-06-16",
      "duration_minutes": 90,
      "trainer": 9,
      "is_completed": false,
      "max_participants": 1
    }
  },
  {
    "model": "fitness.workoutsession",
    "pk": 6,
    "fields": {
      "clients": [
        2,
        19,
        26,
        21,
        47,
        3,
        33,
        29
      ],
      "workout_program": 3,
      "date": "2026-07-07",
      "duration_minutes": 75,
      "trainer": 10,
      "is_completed": true,
      "max_participants": 5
    }
  },
  {
    "model": "fitness.workoutsession",
    "pk": 7,
    "fields": {
      "clients": [
        25,
        9,
        19
      ],
      "workout_program": 1,
      "date": "2026-07-09",
      "duration_minutes": 60,
      "trainer": 6,
      "is_completed": true,
      "max_participants": 1
    }
  },
  {
    "model": "fitness.workoutsession",
    "pk": 8,
    "fields": {
      "clients": [
        21,
        8,
        20
      ],
      "workout_program": 16,
      "date": "2026-07-06",
      "duration_minutes": 45,
      "trainer": 4,
      "is_completed": true,
      "max_participants": 10
    }
  },
  {
    "model": "fitness.workoutsession",
    "pk": 9,
    "fields": {
      "clients": [
        7,
        41
      ],
      "workout_program": 3,
      "date": "2026-07-10",
      "duration_minutes": 60,
      "trainer": 3,
      "is_completed": false,
      "max_participants": 10
    }
  },
  {
    "model": "fitness.workoutsession",
    "pk": 10,
    "fields": {
      "clients": [
        46,
        16,
        25,
        20,
        35,
        34,
        12,
        28
      ],
      "workout_program": 4,
      "date": "2026-05-16",
      "duration_minutes": 75,
      "trainer": 6,
      "is_completed": false,
      "max_participants": 15
    }
  },
  {
    "model": "fitness.workoutsession",
    "pk": 11,
    "fields": {
      "clients": [
        50,
        39,
        6
      ],
      "workout_program": 13,
      "date": "2026-06-05",
      "duration_minutes": 60,
      "trainer": 2,
      "is_completed": true,
      "max_participants": 1
    }
  },
  {
    "model": "fitness.workoutsession",
    "pk": 12,
    "fields": {
      "clients": [
        7,
        29,
        4,
        22,
        11,
        41
      ],
      "workout_program": 14,
      "date": "2026-06-20",
      "duration_minutes": 75,
      "trainer": 6,
      "is_completed": true,
      "max_participants": 15
    }
  },
  {
    "model": "fitness.workoutsession",
    "pk": 13,
    "fields": {
      "clients": [
        40,
        44
      ],
      "workout_program": 13,
      "date": "2026-06-08",
      "duration_minutes": 45,
      "trainer": 2,
      "is_completed": false,
      "max_participants": 5
    }
  },
  {
    "model": "fitness.workoutsession",
    "pk": 14,
    "fields": {
      "clients": [
        6,
        48,
        19,
        27,
        24,
        43,
        7,
        13
      ],
      "workout_program": 2,
      "date": "2026-05-14",
      "duration_minutes": 45,
      "trainer": 1,
      "is_completed": true,
      "max_participants": 10
    }
  },
  {
    "model": "fitness.workoutsession",
    "pk": 15,
    "fields": {
      "clients": [
        21,
        36,
        43,
        49
      ],
      "workout_program": 14,
      "date": "2026-05-22",
      "duration_minutes": 60,
      "trainer": 10,
      "is_completed": false,
      "max_participants": 5
    }
  },
  {
    "model": "fitness.workoutsession",
    "pk": 16,
    "fields": {
      "clients": [
        44,
        13,
        36,
        45
      ],
      "workout_program": 3,
      "date": "2026-06-05",
      "duration_minutes": 75,
      "trainer": 4,
      "is_completed": false,
      "max_participants": 10
    }
  },
  {
    "model": "fitness.workoutsession",
    "pk": 17,
    "fields": {
      "clients": [
        40
      ],
      "workout_program": 9,
      "date": "2026-07-05",
      "duration_minutes": 75,
      "trainer": 6,
      "is_completed": false,
      "max_participants": 1
    }
  },
  {
    "model": "fitness.workoutsession",
    "pk": 18,
    "fields": {
      "clients": [
        31
      ],
      "workout_program": 16,
      "date": "2026-06-20",
      "duration_minutes": 60,
      "trainer": 2,
      "is_completed": false,
      "max_participants": 1
    }
  },
  {
    "model": "fitness.workoutsession",
    "pk": 19,
    "fields": {
      "clients": [
        11,
        50,
        8,
        1,
        24,
        21,
        29
      ],
      "workout_program": 2,
      "date": "2026-05-22",
      "duration_minutes": 45,
      "trainer": 4,
      "is_completed": true,
      "max_participants": 5
    }
  },
  {
    "model": "fitness.workoutsession",
    "pk": 20,
    "fields": {
      "clients": [
        4,
        20
      ],
      "workout_program": 1,
      "date": "2026-06-10",
      "duration_minutes": 75,
      "trainer": 3,
      "is_completed": true,
      "max_participants": 5
    }
  },
  {
    "model": "fitness.workoutsession",
    "pk": 21,
    "fields": {
      "clients": [
        26
      ],
      "workout_program": 19,
      "date": "2026-05-17",
      "duration_minutes": 60,
      "trainer": 1,
      "is_completed": true,
      "max_participants": 10
    }
  },
  {
    "model": "fitness.workoutsession",
    "pk": 22,
    "fields": {
      "clients": [
        25,
        16,
        42,
        23,
        2
      ],
      "workout_program": 3,
      "date": "2026-06-05",
      "duration_minutes": 60,
      "trainer": 4,
      "is_completed": false,
      "max_participants": 10
    }
  },
  {
    "model": "fitness.workoutsession",
    "pk": 23,
    "fields": {
      "clients": [
        44,
        15,
        17
      ],
      "workout_program": 11,
      "date": "2026-05-19",
      "duration_minutes": 75,
      "trainer": 4,
      "is_completed": false,
      "max_participants": 1
    }
  },
  {
    "model": "fitness.workoutsession",
    "pk": 24,
    "fields": {
      "clients": [
        20,
        18,
        22,
        36
      ],
      "workout_program": 19,
      "date": "2026-06-02",
      "duration_minutes": 60,
      "trainer": 8,
      "is_completed": true,
      "max_participants": 5
    }
  },
  {
    "model": "fitness.workoutsession",
    "pk": 25,
    "fields": {
      "clients": [
        17,
        50
      ],
      "workout_program": 9,
      "date": "2026-07-09",
      "duration_minutes": 90,
      "trainer": 1,
      "is_completed": false,
      "max_participants": 1
    }
  },
  {
    "model": "fitness.workoutsession",
    "pk": 26,
    "fields": {
      "clients": [
        25,
        28,
        43
      ],
      "workout_program": 15,
      "date": "2026-05-29",
      "duration_minutes": 45,
      "trainer": 9,
      "is_completed": true,
      "max_participants": 1
    }
  },
  {
    "model": "fitness.workoutsession",
    "pk": 27,
    "fields": {
      "clients": [
        5,
        11,
        14,
        39,
        42,
        7
      ],
      "workout_program": 1,
      "date": "2026-05-28",
      "duration_minutes": 45,
      "trainer": 11,
      "is_completed": true,
      "max_participants": 1
    }
  },
  {
    "model": "fitness.workoutsession",
    "pk": 28,
    "fields": {
      "clients": [
        16,
        45,
        22,
        46,
        39,
        7,
        20
      ],
      "workout_program": 2,
      "date": "2026-07-08",
      "duration_minutes": 75,
      "trainer": 7,
      "is_completed": true,
      "max_participants": 1
    }
  },
  {
    "model": "fitness.workoutsession",
    "pk": 29,
    "fields": {
      "clients": [
        36,
        26,
        7,
        20
      ],
      "workout_program": 16,
      "date": "2026-06-22",
      "duration_minutes": 75,
      "trainer": 4,
      "is_completed": false,
      "max_participants": 10
    }
  },
  {
    "model": "fitness.workoutsession",
    "pk": 30,
    "fields": {
      "clients": [
        30,
        34,
        1,
        43
      ],
      "workout_program": 14,
      "date": "2026-06-05",
      "duration_minutes": 90,
      "trainer": 11,
      "is_completed": false,
      "max_participants": 15
    }
  },
  {
    "model": "fitness.workoutsession",
    "pk": 31,
    "fields": {
      "clients": [
        48,
        16,
        2,
        45,
        50,
        12,
        17,
        32
      ],
      "workout_program": 2,
      "date": "2026-06-26",
      "duration_minutes": 90,
      "trainer": 8,
      "is_completed": true,
      "max_participants": 15
    }
  },
  {
    "model": "fitness.workoutsession",
    "pk": 32,
    "fields": {
      "clients": [
        43,
        44
      ],
      "workout_program": 4,
      "date": "2026-06-30",
      "duration_minutes": 90,
      "trainer": 6,
      "is_completed": true,
      "max_participants": 5
    }
  },
  {
    "model": "fitness.workoutsession",
    "pk": 33,
    "fields": {
      "clients": [
        32,
        25,
        28,
        12,
        27
      ],
      "workout_program": 10,
      "date": "2026-06-04",
      "duration_minutes": 75,
      "trainer": 9,
      "is_completed": false,
      "max_participants": 10
    }
  },
  {
    "model": "fitness.workoutsession",
    "pk": 34,
    "fields": {
      "clients": [
        22,
        46,
        15
      ],
      "workout_program": 2,
      "date": "2026-06-14",
      "duration_minutes": 75,
      "trainer": 1,
      "is_completed": true,
      "max_participants": 1
    }
  },
  {
    "model": "fitness.workoutsession",
    "pk": 35,
    "fields": {
      "clients": [
        25,
        44,
        2,
        41,
        3,
        7,
        22,
        11
      ],
      "workout_program": 4,
      "date": "2026-05-13",
      "duration_minutes": 45,
      "trainer": 7,
      "is_completed": true,
      "max_participants": 5
    }
  },
  {
    "model": "fitness.workoutsession",
    "pk": 36,
    "fields": {
      "clients": [
        26,
        36
      ],
      "workout_program": 9,
      "date": "2026-05-28",
      "duration_minutes": 60,
      "trainer": 3,
      "is_completed": true,
      "max_participants": 15
    }
  },
  {
    "model": "fitness.workoutsession",
    "pk": 37,
    "fields": {
      "clients": [
        1,
        44,
        32,
        19,
        36,
        4,
        33,
        17
      ],
      "workout_program": 3,
      "date": "2026-06-23",
      "duration_minutes": 45,
      "trainer": 10,
      "is_completed": false,
      "max_participants": 15
    }
  },
  {
    "model": "fitness.workoutsession",
    "pk": 38,
    "fields": {
      "clients": [
        17,
        19,
        18,
        23,
        46,
        5,
        42,
        28
      ],
      "workout_program": 3,
      "date": "2026-05-13",
      "duration_minutes": 75,
      "trainer": 5,
      "is_completed": false,
      "max_participants": 5
    }
  },
  {
    "model": "fitness.workoutsession",
    "pk": 39,
    "fields": {
      "clients": [
        21
      ],
      "workout_program": 8,
      "date": "2026-07-02",
      "duration_minutes": 60,
      "trainer": 10,
      "is_completed": false,
      "max_participants": 1
    }
  },
  {
    "model": "fitness.workoutsession",
    "pk": 40,
    "fields": {
      "clients": [
        17,
        35,
        20,
        39,
        3,
        13,
        49
      ],
      "workout_program": 11,
      "date": "2026-05-22",
      "duration_minutes": 60,
      "trainer": 9,
      "is_completed": true,
      "max_participants": 5
    }
  },
  {
    "model": "fitness.workoutsession",
    "pk": 41,
    "fields": {
      "clients": [
        29,
        39,
        21,
        37
      ],
      "workout_program": 3,
      "date": "2026-05-31",
      "duration_minutes": 75,
      "trainer": 7,
      "is_completed": true,
      "max_participants": 5
    }
  },
  {
    "model": "fitness.workoutsession",
    "pk": 42,
    "fields": {
      "clients": [
        30,
        24,
        49,
        22,
        6
      ],
      "workout_program": 2,
      "date": "2026-06-12",
      "duration_minutes": 75,
      "trainer": 1,
      "is_completed": true,
      "max_participants": 10
    }
  },
  {
    "model": "fitness.workoutsession",
    "pk": 43,
    "fields": {
      "clients": [
        41,
        50,
        48,
        35
      ],
      "workout_program": 20,
      "date": "2026-06-01",
      "duration_minutes": 90,
      "trainer": 9,
      "is_completed": false,
      "max_participants": 1
    }
  },
  {
    "model": "fitness.workoutsession",
    "pk": 44,
    "fields": {
      "clients": [
        19
      ],
      "workout_program": 4,
      "date": "2026-07-10",
      "duration_minutes": 90,
      "trainer": 8,
      "is_completed": false,
      "max_participants": 15
    }
  },
  {
    "model": "fitness.workoutsession",
    "pk": 45,
    "fields": {
      "clients": [
        48,
        27,
        38,
        50,
        15,
        33
      ],
      "workout_program": 5,
      "date": "2026-06-27",
      "duration_minutes": 90,
      "trainer": 1,
      "is_completed": true,
      "max_participants": 5
    }
  },
  {
    "model": "fitness.workoutsession",
    "pk": 46,
    "fields": {
      "clients": [
        41,
        45,
        47,
        14,
        31
      ],
      "workout_program": 13,
      "date": "2026-06-06",
      "duration_minutes": 90,
      "trainer": 6,
      "is_completed": false,
      "max_participants": 5
    }
  },
  {
    "model": "fitness.workoutsession",
    "pk": 47,
    "fields": {
      "clients": [
        4,
        44,
        2,
        19,
        50
      ],
      "workout_program": 1,
      "date": "2026-05-14",
      "duration_minutes": 90,
      "trainer": 9,
      "is_completed": true,
      "max_participants": 1
    }
  },
  {
    "model": "fitness.workoutsession",
    "pk": 48,
    "fields": {
      "clients": [
        48,
        35
      ],
      "workout_program": 17,
      "date": "2026-05-20",
      "duration_minutes": 75,
      "trainer": 5,
      "is_completed": false,
      "max_participants": 1
    }
  },
  {
    "model": "fitness.workoutsession",
    "pk": 49,
    "fields": {
      "clients": [
        14,
        41,
        33,
        2,
        47,
        29,
        9
      ],
      "workout_program": 14,
      "date": "2026-07-01",
      "duration_minutes": 45,
      "trainer": 2,
      "is_completed": false,
      "max_participants": 15
    }
  },
  {
    "model": "fitness.workoutsession",
    "pk": 50,
    "fields": {
      "clients": [
        36,
        2
      ],
      "workout_program": 5,
      "date": "2026-06-09",
      "duration_minutes": 60,
      "trainer": 9,
      "is_completed": true,
      "max_participants": 10
    }
  },
  {
    "model": "fitness.workoutsession",
    "pk": 51,
    "fields": {
      "clients": [
        35,
        38,
        14
      ],
      "workout_program": 7,
      "date": "2026-07-12",
      "duration_minutes": 75,
      "trainer": 12,
      "is_completed": true,
      "max_participants": 5
    }
  },
  {
    "model": "fitness.workoutsession",
    "pk": 52,
    "fields": {
      "clients": [
        8,
        26,
        39,
        25,
        38
      ],
      "workout_program": 20,
      "date": "2026-06-16",
      "duration_minutes": 45,
      "trainer": 1,
      "is_completed": false,
      "max_participants": 5
    }
  },
  {
    "model": "fitness.workoutsession",
    "pk": 53,
    "fields": {
      "clients": [
        14,
        35,
        45,
        6,
        21,
        50,
        26
      ],
      "workout_program": 5,
      "date": "2026-05-15",
      "duration_minutes": 75,
      "trainer": 3,
      "is_completed": false,
      "max_participants": 15
    }
  },
  {
    "model": "fitness.workoutsession",
    "pk": 54,
    "fields": {
      "clients": [
        32,
        11,
        8,
        19,
        14
      ],
      "workout_program": 1,
      "date": "2026-06-05",
      "duration_minutes": 45,
      "trainer": 11,
      "is_completed": false,
      "max_participants": 15
    }
  },
  {
    "model": "fitness.workoutsession",
    "pk": 55,
    "fields": {
      "clients": [
        9,
        7,
        22,
        40,
        21,
        42
      ],
      "workout_program": 15,
      "date": "2026-07-10",
      "duration_minutes": 45,
      "trainer": 11,
      "is_completed": true,
      "max_participants": 15
    }
  },
  {
    "model": "fitness.workoutsession",
    "pk": 56,
    "fields": {
      "clients": [
        48
      ],
      "workout_program": 5,
      "date": "2026-06-09",
      "duration_minutes": 45,
      "trainer": 8,
      "is_completed": false,
      "max_participants": 5
    }
  },
  {
    "model": "fitness.workoutsession",
    "pk": 57,
    "fields": {
      "clients": [
        6,
        50,
        31,
        14,
        26
      ],
      "workout_program": 18,
      "date": "2026-05-16",
      "duration_minutes": 75,
      "trainer": 9,
      "is_completed": false,
      "max_participants": 5
    }
  },
  {
    "model": "fitness.workoutsession",
    "pk": 58,
    "fields": {
      "clients": [
        10,
        50,
        22
      ],
      "workout_program": 9,
      "date": "2026-07-01",
      "duration_minutes": 90,
      "trainer": 1,
      "is_completed": false,
      "max_participants": 5
    }
  },
  {
    "model": "fitness.workoutsession",
    "pk": 59,
    "fields": {
      "clients": [
        19,
        17,
        13,
        29,
        26,
        22
      ],
      "workout_program": 8,
      "date": "2026-05-13",
      "duration_minutes": 60,
      "trainer": 5,
      "is_completed": true,
      "max_participants": 15
    }
  },
  {
    "model": "fitness.workoutsession",
    "pk": 60,
    "fields": {
      "clients": [
        44,
        2
      ],
      "workout_program": 5,
      "date": "2026-06-18",
      "duration_minutes": 45,
      "trainer": 4,
      "is_completed": true,
      "max_participants": 5
    }
  }
]